{"cameraMode":{"drawMode":0,"name":"Shaded","section":"Shading Mode"},"sceneLighting":false,"audioPlay":false,"sceneViewState":{"m_AlwaysRefresh":false,"showFog":true,"showSkybox":false,"showFlares":true,"showImageEffects":true,"showParticleSystems":true,"showVisualEffectGraphs":true,"m_FxEnabled":false},"in2DMode":false,"pivot":{"x":0.09618720412254334,"y":-2.3067545890808107,"z":-7.874119281768799},"rotation":{"x":-0.01175606343895197,"y":0.9743214845657349,"z":-0.21870450675487519,"w":-0.05237013101577759},"size":7.265777111053467,"orthographic":false}