{"cameraMode":{"drawMode":0,"name":"Shaded","section":"Shading Mode"},"sceneLighting":false,"audioPlay":false,"sceneViewState":{"m_AlwaysRefresh":false,"showFog":true,"showSkybox":false,"showFlares":true,"showImageEffects":true,"showParticleSystems":true,"showVisualEffectGraphs":true,"m_FxEnabled":false},"in2DMode":false,"pivot":{"x":0.3348594307899475,"y":-3.4829182624816896,"z":0.7170647382736206},"rotation":{"x":-0.025081193074584008,"y":0.7608460783958435,"z":-0.6477873921394348,"w":-0.029458539560437204},"size":7.6856465339660648,"orthographic":false}